estado,ruta
NO_TIENE_SIDEBAR,C:\Users\user\Desktop\PROYECTOS_ACTIVOS\WEBS\infovendeconia\guias\automatizar-embudos-venta\index.html
NO_TIENE_SIDEBAR,C:\Users\user\Desktop\PROYECTOS_ACTIVOS\WEBS\infovendeconia\guias\automatizar-negocio-digital\index.html
NO_TIENE_SIDEBAR,C:\Users\user\Desktop\PROYECTOS_ACTIVOS\WEBS\infovendeconia\guias\automatizar-negocio-online\index.html
NO_TIENE_SIDEBAR,C:\Users\user\Desktop\PROYECTOS_ACTIVOS\WEBS\infovendeconia\guias\como-usar-chatgpt\index.html
NO_TIENE_SIDEBAR,C:\Users\user\Desktop\PROYECTOS_ACTIVOS\WEBS\infovendeconia\guias\crear-asistentes-ia-personalizados\index.html
NO_TIENE_SIDEBAR,C:\Users\user\Desktop\PROYECTOS_ACTIVOS\WEBS\infovendeconia\guias\crear-contenido-automatico-con-ia\index.html
NO_TIENE_SIDEBAR,C:\Users\user\Desktop\PROYECTOS_ACTIVOS\WEBS\infovendeconia\guias\crear-guiones-con-ia\index.html
NO_TIENE_SIDEBAR,C:\Users\user\Desktop\PROYECTOS_ACTIVOS\WEBS\infovendeconia\guias\crear-ingresos-online-con-ia\index.html
NO_TIENE_SIDEBAR,C:\Users\user\Desktop\PROYECTOS_ACTIVOS\WEBS\infovendeconia\guias\crear-negocio-online-con-inteligencia-artificial\index.html
NO_TIENE_SIDEBAR,C:\Users\user\Desktop\PROYECTOS_ACTIVOS\WEBS\infovendeconia\guias\crear-nichos-web-con-ia\index.html
NO_TIENE_SIDEBAR,C:\Users\user\Desktop\PROYECTOS_ACTIVOS\WEBS\infovendeconia\guias\crear-proyecto-online-con-inteligencia-artificial\index.html
NO_TIENE_SIDEBAR,C:\Users\user\Desktop\PROYECTOS_ACTIVOS\WEBS\infovendeconia\guias\crear-videos-automaticos-con-inteligencia-artificial\index.html
NO_TIENE_SIDEBAR,C:\Users\user\Desktop\PROYECTOS_ACTIVOS\WEBS\infovendeconia\guias\crear-webs-de-nicho-con-inteligencia-artificial\index.html
NO_TIENE_SIDEBAR,C:\Users\user\Desktop\PROYECTOS_ACTIVOS\WEBS\infovendeconia\guias\crear-webs-monetizadas-con-afiliados\index.html
NO_TIENE_SIDEBAR,C:\Users\user\Desktop\PROYECTOS_ACTIVOS\WEBS\infovendeconia\guias\crecer-en-redes-sociales-con-ia\index.html
NO_TIENE_SIDEBAR,C:\Users\user\Desktop\PROYECTOS_ACTIVOS\WEBS\infovendeconia\guias\formas-de-ganar-dinero-con-inteligencia-artificial\index.html
NO_TIENE_SIDEBAR,C:\Users\user\Desktop\PROYECTOS_ACTIVOS\WEBS\infovendeconia\guias\gadgets-tecnologicos-amazon\index.html
NO_TIENE_SIDEBAR,C:\Users\user\Desktop\PROYECTOS_ACTIVOS\WEBS\infovendeconia\guias\ganar-dinero-con-automatizacion\index.html
NO_TIENE_SIDEBAR,C:\Users\user\Desktop\PROYECTOS_ACTIVOS\WEBS\infovendeconia\guias\ganar-dinero-con-herramientas-ia\index.html
NO_TIENE_SIDEBAR,C:\Users\user\Desktop\PROYECTOS_ACTIVOS\WEBS\infovendeconia\guias\ganar-dinero-con-ia-desde-casa\index.html
NO_TIENE_SIDEBAR,C:\Users\user\Desktop\PROYECTOS_ACTIVOS\WEBS\infovendeconia\guias\ganar-dinero-con-inteligencia-artificial\index.html
NO_TIENE_SIDEBAR,C:\Users\user\Desktop\PROYECTOS_ACTIVOS\WEBS\infovendeconia\guias\generar-contenido-con-ia\index.html
NO_TIENE_SIDEBAR,C:\Users\user\Desktop\PROYECTOS_ACTIVOS\WEBS\infovendeconia\guias\generar-trafico-con-ia\index.html
NO_TIENE_SIDEBAR,C:\Users\user\Desktop\PROYECTOS_ACTIVOS\WEBS\infovendeconia\guias\herramientas-ia-para-emprendedores\index.html
NO_TIENE_SIDEBAR,C:\Users\user\Desktop\PROYECTOS_ACTIVOS\WEBS\infovendeconia\guias\herramientas-ia-para-productividad\index.html
NO_TIENE_SIDEBAR,C:\Users\user\Desktop\PROYECTOS_ACTIVOS\WEBS\infovendeconia\guias\ia-para-emprendedores\index.html
NO_TIENE_SIDEBAR,C:\Users\user\Desktop\PROYECTOS_ACTIVOS\WEBS\infovendeconia\guias\ideas-de-negocio-con-inteligencia-artificial\index.html
NO_TIENE_SIDEBAR,C:\Users\user\Desktop\PROYECTOS_ACTIVOS\WEBS\infovendeconia\guias\mejores-herramientas-de-automatizacion\index.html
NO_TIENE_SIDEBAR,C:\Users\user\Desktop\PROYECTOS_ACTIVOS\WEBS\infovendeconia\guias\mejores-herramientas-de-inteligencia-artificial\index.html
NO_TIENE_SIDEBAR,C:\Users\user\Desktop\PROYECTOS_ACTIVOS\WEBS\infovendeconia\guias\mejores-herramientas-ia-2026\index.html
NO_TIENE_SIDEBAR,C:\Users\user\Desktop\PROYECTOS_ACTIVOS\WEBS\infovendeconia\guias\modelos-de-negocio-con-ia\index.html
NO_TIENE_SIDEBAR,C:\Users\user\Desktop\PROYECTOS_ACTIVOS\WEBS\infovendeconia\guias\monetizar-proyectos-con-ia\index.html
NO_TIENE_SIDEBAR,C:\Users\user\Desktop\PROYECTOS_ACTIVOS\WEBS\infovendeconia\guias\negocios-digitales-con-inteligencia-artificial\index.html
NO_TIENE_SIDEBAR,C:\Users\user\Desktop\PROYECTOS_ACTIVOS\WEBS\infovendeconia\guias\negocios-rentables-con-inteligencia-artificial\index.html
NO_TIENE_SIDEBAR,C:\Users\user\Desktop\PROYECTOS_ACTIVOS\WEBS\infovendeconia\guias\plataforma-de-asistentes-ia\index.html
NO_TIENE_SIDEBAR,C:\Users\user\Desktop\PROYECTOS_ACTIVOS\WEBS\infovendeconia\guias\plataforma-de-automatizacion-con-ia\index.html
NO_TIENE_SIDEBAR,C:\Users\user\Desktop\PROYECTOS_ACTIVOS\WEBS\infovendeconia\guias\plataformas-ia-para-negocios-online\index.html
NO_TIENE_SIDEBAR,C:\Users\user\Desktop\PROYECTOS_ACTIVOS\WEBS\infovendeconia\guias\plataformas-para-crear-agentes-de-ia\index.html
NO_TIENE_SIDEBAR,C:\Users\user\Desktop\PROYECTOS_ACTIVOS\WEBS\infovendeconia\guias\que-son-los-agentes-de-inteligencia-artificial\index.html
NO_TIENE_SIDEBAR,C:\Users\user\Desktop\PROYECTOS_ACTIVOS\WEBS\infovendeconia\guias\seo-automatico-con-inteligencia-artificial\index.html
NO_TIENE_SIDEBAR,C:\Users\user\Desktop\PROYECTOS_ACTIVOS\WEBS\infovendeconia\guias\software-de-automatizacion-con-inteligencia-artificial\index.html
NO_TIENE_SIDEBAR,C:\Users\user\Desktop\PROYECTOS_ACTIVOS\WEBS\infovendeconia\guias\software-para-crear-agentes-ia\index.html
NO_TIENE_SIDEBAR,C:\Users\user\Desktop\PROYECTOS_ACTIVOS\WEBS\infovendeconia\guias\trabajar-online-con-inteligencia-artificial\index.html
NO_TIENE_SIDEBAR,C:\Users\user\Desktop\PROYECTOS_ACTIVOS\WEBS\infovendeconia\guias\usar-ia-para-ganar-dinero-online\index.html
NO_TIENE_SIDEBAR,C:\Users\user\Desktop\PROYECTOS_ACTIVOS\WEBS\infovendeconia\guias\webs-automaticas-para-afiliados\index.html
